{
  "No Tumor": {
    "precision": 0.44642857142857145,
    "recall": 0.5681818181818182,
    "f1-score": 0.5,
    "support": 44.0
  },
  "Tumor": {
    "precision": 0.5681818181818182,
    "recall": 0.44642857142857145,
    "f1-score": 0.5,
    "support": 56.0
  },
  "accuracy": 0.5,
  "macro avg": {
    "precision": 0.5073051948051949,
    "recall": 0.5073051948051949,
    "f1-score": 0.5,
    "support": 100.0
  },
  "weighted avg": {
    "precision": 0.5146103896103896,
    "recall": 0.5,
    "f1-score": 0.5,
    "support": 100.0
  }
}