{
  "metrics": {
    "confusion_matrix": [
      [
        310,
        95
      ],
      [
        19,
        887
      ]
    ],
    "true_positives": 887,
    "true_negatives": 310,
    "false_positives": 95,
    "false_negatives": 19,
    "accuracy": 0.9130434782608695,
    "precision": 0.9032586558044806,
    "recall": 0.9790286975717439,
    "specificity": 0.7654320987654321,
    "f1_score": 0.9396186440677966,
    "auc": 0.9795655847164308,
    "balanced_accuracy": 0.8722303981685879,
    "false_positive_rate": 0.2345679012345679,
    "false_negative_rate": 0.02097130242825607,
    "error_rate": 0.08695652173913043
  },
  "model_path": "models/final_model_cnn_20260207_003723.keras",
  "config": {
    "batch_size": 32,
    "threshold": 0.5
  }
}