{
  "training_date": "2026-02-07T00:37:23.504401",
  "training_time_seconds": 2228.179860830307,
  "training_time_minutes": 37.13633101383845,
  "model_type": "binary_classification",
  "input_shape": [
    128,
    128,
    3
  ],
  "parameters": {
    "trainable": 616865,
    "non_trainable": 1664,
    "total": 618529
  },
  "config": {
    "image_size": [
      128,
      128
    ],
    "batch_size": 16,
    "learning_rate": 0.0001,
    "dropout_rate": 0.4,
    "epochs": 20
  }
}